Campaign,Ad Group,Keyword,Criterion Type,Final URL,Status
PI Verona Quartieri,AG - Verona Centro,idraulico verona centro,Phrase,https://gala400.it/quartieri/idraulico-verona-centro.html,Enabled
PI Verona Quartieri,AG - Verona Centro,idraulico verona centro,Exact,https://gala400.it/quartieri/idraulico-verona-centro.html,Enabled
PI Verona Quartieri,AG - Verona Centro,idraulico urgente verona centro,Phrase,https://gala400.it/quartieri/idraulico-verona-centro.html,Enabled
PI Verona Quartieri,AG - Verona Centro,idraulico urgente verona centro,Exact,https://gala400.it/quartieri/idraulico-verona-centro.html,Enabled
PI Verona Quartieri,AG - Verona Centro,pronto intervento idraulico verona centro,Phrase,https://gala400.it/quartieri/idraulico-verona-centro.html,Enabled
PI Verona Quartieri,AG - Verona Centro,pronto intervento idraulico verona centro,Exact,https://gala400.it/quartieri/idraulico-verona-centro.html,Enabled
PI Verona Quartieri,AG - Verona Centro,idraulico h24 verona centro,Phrase,https://gala400.it/quartieri/idraulico-verona-centro.html,Enabled
PI Verona Quartieri,AG - Verona Centro,idraulico h24 verona centro,Exact,https://gala400.it/quartieri/idraulico-verona-centro.html,Enabled
PI Verona Quartieri,AG - Verona Centro,emergenza idraulico verona centro,Phrase,https://gala400.it/quartieri/idraulico-verona-centro.html,Enabled
PI Verona Quartieri,AG - Verona Centro,emergenza idraulico verona centro,Exact,https://gala400.it/quartieri/idraulico-verona-centro.html,Enabled
PI Verona Quartieri,AG - Borgo Trento,idraulico borgo trento,Phrase,https://gala400.it/quartieri/idraulico-borgo-trento.html,Enabled
PI Verona Quartieri,AG - Borgo Trento,idraulico borgo trento,Exact,https://gala400.it/quartieri/idraulico-borgo-trento.html,Enabled
PI Verona Quartieri,AG - Borgo Trento,idraulico urgente borgo trento,Phrase,https://gala400.it/quartieri/idraulico-borgo-trento.html,Enabled
PI Verona Quartieri,AG - Borgo Trento,idraulico urgente borgo trento,Exact,https://gala400.it/quartieri/idraulico-borgo-trento.html,Enabled
PI Verona Quartieri,AG - Borgo Trento,pronto intervento idraulico borgo trento,Phrase,https://gala400.it/quartieri/idraulico-borgo-trento.html,Enabled
PI Verona Quartieri,AG - Borgo Trento,pronto intervento idraulico borgo trento,Exact,https://gala400.it/quartieri/idraulico-borgo-trento.html,Enabled
PI Verona Quartieri,AG - Borgo Trento,idraulico h24 borgo trento,Phrase,https://gala400.it/quartieri/idraulico-borgo-trento.html,Enabled
PI Verona Quartieri,AG - Borgo Trento,idraulico h24 borgo trento,Exact,https://gala400.it/quartieri/idraulico-borgo-trento.html,Enabled
PI Verona Quartieri,AG - Borgo Trento,emergenza idraulico borgo trento,Phrase,https://gala400.it/quartieri/idraulico-borgo-trento.html,Enabled
PI Verona Quartieri,AG - Borgo Trento,emergenza idraulico borgo trento,Exact,https://gala400.it/quartieri/idraulico-borgo-trento.html,Enabled
PI Verona Quartieri,AG - Borgo Roma,idraulico borgo roma,Phrase,https://gala400.it/quartieri/idraulico-borgo-roma.html,Enabled
PI Verona Quartieri,AG - Borgo Roma,idraulico borgo roma,Exact,https://gala400.it/quartieri/idraulico-borgo-roma.html,Enabled
PI Verona Quartieri,AG - Borgo Roma,idraulico urgente borgo roma,Phrase,https://gala400.it/quartieri/idraulico-borgo-roma.html,Enabled
PI Verona Quartieri,AG - Borgo Roma,idraulico urgente borgo roma,Exact,https://gala400.it/quartieri/idraulico-borgo-roma.html,Enabled
PI Verona Quartieri,AG - Borgo Roma,pronto intervento idraulico borgo roma,Phrase,https://gala400.it/quartieri/idraulico-borgo-roma.html,Enabled
PI Verona Quartieri,AG - Borgo Roma,pronto intervento idraulico borgo roma,Exact,https://gala400.it/quartieri/idraulico-borgo-roma.html,Enabled
PI Verona Quartieri,AG - Borgo Roma,idraulico h24 borgo roma,Phrase,https://gala400.it/quartieri/idraulico-borgo-roma.html,Enabled
PI Verona Quartieri,AG - Borgo Roma,idraulico h24 borgo roma,Exact,https://gala400.it/quartieri/idraulico-borgo-roma.html,Enabled
PI Verona Quartieri,AG - Borgo Roma,emergenza idraulico borgo roma,Phrase,https://gala400.it/quartieri/idraulico-borgo-roma.html,Enabled
PI Verona Quartieri,AG - Borgo Roma,emergenza idraulico borgo roma,Exact,https://gala400.it/quartieri/idraulico-borgo-roma.html,Enabled
PI Verona Quartieri,AG - San Zeno,idraulico san zeno,Phrase,https://gala400.it/quartieri/idraulico-san-zeno.html,Enabled
PI Verona Quartieri,AG - San Zeno,idraulico san zeno,Exact,https://gala400.it/quartieri/idraulico-san-zeno.html,Enabled
PI Verona Quartieri,AG - San Zeno,idraulico urgente san zeno,Phrase,https://gala400.it/quartieri/idraulico-san-zeno.html,Enabled
PI Verona Quartieri,AG - San Zeno,idraulico urgente san zeno,Exact,https://gala400.it/quartieri/idraulico-san-zeno.html,Enabled
PI Verona Quartieri,AG - San Zeno,pronto intervento idraulico san zeno,Phrase,https://gala400.it/quartieri/idraulico-san-zeno.html,Enabled
PI Verona Quartieri,AG - San Zeno,pronto intervento idraulico san zeno,Exact,https://gala400.it/quartieri/idraulico-san-zeno.html,Enabled
PI Verona Quartieri,AG - San Zeno,idraulico h24 san zeno,Phrase,https://gala400.it/quartieri/idraulico-san-zeno.html,Enabled
PI Verona Quartieri,AG - San Zeno,idraulico h24 san zeno,Exact,https://gala400.it/quartieri/idraulico-san-zeno.html,Enabled
PI Verona Quartieri,AG - San Zeno,emergenza idraulico san zeno,Phrase,https://gala400.it/quartieri/idraulico-san-zeno.html,Enabled
PI Verona Quartieri,AG - San Zeno,emergenza idraulico san zeno,Exact,https://gala400.it/quartieri/idraulico-san-zeno.html,Enabled
PI Verona Quartieri,AG - Valdonega,idraulico valdonega,Phrase,https://gala400.it/quartieri/idraulico-valdonega.html,Enabled
PI Verona Quartieri,AG - Valdonega,idraulico valdonega,Exact,https://gala400.it/quartieri/idraulico-valdonega.html,Enabled
PI Verona Quartieri,AG - Valdonega,idraulico urgente valdonega,Phrase,https://gala400.it/quartieri/idraulico-valdonega.html,Enabled
PI Verona Quartieri,AG - Valdonega,idraulico urgente valdonega,Exact,https://gala400.it/quartieri/idraulico-valdonega.html,Enabled
PI Verona Quartieri,AG - Valdonega,pronto intervento idraulico valdonega,Phrase,https://gala400.it/quartieri/idraulico-valdonega.html,Enabled
PI Verona Quartieri,AG - Valdonega,pronto intervento idraulico valdonega,Exact,https://gala400.it/quartieri/idraulico-valdonega.html,Enabled
PI Verona Quartieri,AG - Valdonega,idraulico h24 valdonega,Phrase,https://gala400.it/quartieri/idraulico-valdonega.html,Enabled
PI Verona Quartieri,AG - Valdonega,idraulico h24 valdonega,Exact,https://gala400.it/quartieri/idraulico-valdonega.html,Enabled
PI Verona Quartieri,AG - Valdonega,emergenza idraulico valdonega,Phrase,https://gala400.it/quartieri/idraulico-valdonega.html,Enabled
PI Verona Quartieri,AG - Valdonega,emergenza idraulico valdonega,Exact,https://gala400.it/quartieri/idraulico-valdonega.html,Enabled
PI Verona Quartieri,AG - Cittadella,idraulico cittadella,Phrase,https://gala400.it/quartieri/idraulico-cittadella.html,Enabled
PI Verona Quartieri,AG - Cittadella,idraulico cittadella,Exact,https://gala400.it/quartieri/idraulico-cittadella.html,Enabled
PI Verona Quartieri,AG - Cittadella,idraulico urgente cittadella,Phrase,https://gala400.it/quartieri/idraulico-cittadella.html,Enabled
PI Verona Quartieri,AG - Cittadella,idraulico urgente cittadella,Exact,https://gala400.it/quartieri/idraulico-cittadella.html,Enabled
PI Verona Quartieri,AG - Cittadella,pronto intervento idraulico cittadella,Phrase,https://gala400.it/quartieri/idraulico-cittadella.html,Enabled
PI Verona Quartieri,AG - Cittadella,pronto intervento idraulico cittadella,Exact,https://gala400.it/quartieri/idraulico-cittadella.html,Enabled
PI Verona Quartieri,AG - Cittadella,idraulico h24 cittadella,Phrase,https://gala400.it/quartieri/idraulico-cittadella.html,Enabled
PI Verona Quartieri,AG - Cittadella,idraulico h24 cittadella,Exact,https://gala400.it/quartieri/idraulico-cittadella.html,Enabled
PI Verona Quartieri,AG - Cittadella,emergenza idraulico cittadella,Phrase,https://gala400.it/quartieri/idraulico-cittadella.html,Enabled
PI Verona Quartieri,AG - Cittadella,emergenza idraulico cittadella,Exact,https://gala400.it/quartieri/idraulico-cittadella.html,Enabled
PI Verona Quartieri,AG - Filippini,idraulico filippini,Phrase,https://gala400.it/quartieri/idraulico-filippini.html,Enabled
PI Verona Quartieri,AG - Filippini,idraulico filippini,Exact,https://gala400.it/quartieri/idraulico-filippini.html,Enabled
PI Verona Quartieri,AG - Filippini,idraulico urgente filippini,Phrase,https://gala400.it/quartieri/idraulico-filippini.html,Enabled
PI Verona Quartieri,AG - Filippini,idraulico urgente filippini,Exact,https://gala400.it/quartieri/idraulico-filippini.html,Enabled
PI Verona Quartieri,AG - Filippini,pronto intervento idraulico filippini,Phrase,https://gala400.it/quartieri/idraulico-filippini.html,Enabled
PI Verona Quartieri,AG - Filippini,pronto intervento idraulico filippini,Exact,https://gala400.it/quartieri/idraulico-filippini.html,Enabled
PI Verona Quartieri,AG - Filippini,idraulico h24 filippini,Phrase,https://gala400.it/quartieri/idraulico-filippini.html,Enabled
PI Verona Quartieri,AG - Filippini,idraulico h24 filippini,Exact,https://gala400.it/quartieri/idraulico-filippini.html,Enabled
PI Verona Quartieri,AG - Filippini,emergenza idraulico filippini,Phrase,https://gala400.it/quartieri/idraulico-filippini.html,Enabled
PI Verona Quartieri,AG - Filippini,emergenza idraulico filippini,Exact,https://gala400.it/quartieri/idraulico-filippini.html,Enabled
PI Verona Quartieri,AG - Stadio,idraulico stadio,Phrase,https://gala400.it/quartieri/idraulico-stadio.html,Enabled
PI Verona Quartieri,AG - Stadio,idraulico stadio,Exact,https://gala400.it/quartieri/idraulico-stadio.html,Enabled
PI Verona Quartieri,AG - Stadio,idraulico urgente stadio,Phrase,https://gala400.it/quartieri/idraulico-stadio.html,Enabled
PI Verona Quartieri,AG - Stadio,idraulico urgente stadio,Exact,https://gala400.it/quartieri/idraulico-stadio.html,Enabled
PI Verona Quartieri,AG - Stadio,pronto intervento idraulico stadio,Phrase,https://gala400.it/quartieri/idraulico-stadio.html,Enabled
PI Verona Quartieri,AG - Stadio,pronto intervento idraulico stadio,Exact,https://gala400.it/quartieri/idraulico-stadio.html,Enabled
PI Verona Quartieri,AG - Stadio,idraulico h24 stadio,Phrase,https://gala400.it/quartieri/idraulico-stadio.html,Enabled
PI Verona Quartieri,AG - Stadio,idraulico h24 stadio,Exact,https://gala400.it/quartieri/idraulico-stadio.html,Enabled
PI Verona Quartieri,AG - Stadio,emergenza idraulico stadio,Phrase,https://gala400.it/quartieri/idraulico-stadio.html,Enabled
PI Verona Quartieri,AG - Stadio,emergenza idraulico stadio,Exact,https://gala400.it/quartieri/idraulico-stadio.html,Enabled
PI Verona Quartieri,AG - Quadrante Europa,idraulico quadrante europa,Phrase,https://gala400.it/quartieri/idraulico-quadrante-europa.html,Enabled
PI Verona Quartieri,AG - Quadrante Europa,idraulico quadrante europa,Exact,https://gala400.it/quartieri/idraulico-quadrante-europa.html,Enabled
PI Verona Quartieri,AG - Quadrante Europa,idraulico urgente quadrante europa,Phrase,https://gala400.it/quartieri/idraulico-quadrante-europa.html,Enabled
PI Verona Quartieri,AG - Quadrante Europa,idraulico urgente quadrante europa,Exact,https://gala400.it/quartieri/idraulico-quadrante-europa.html,Enabled
PI Verona Quartieri,AG - Quadrante Europa,pronto intervento idraulico quadrante europa,Phrase,https://gala400.it/quartieri/idraulico-quadrante-europa.html,Enabled
PI Verona Quartieri,AG - Quadrante Europa,pronto intervento idraulico quadrante europa,Exact,https://gala400.it/quartieri/idraulico-quadrante-europa.html,Enabled
PI Verona Quartieri,AG - Quadrante Europa,idraulico h24 quadrante europa,Phrase,https://gala400.it/quartieri/idraulico-quadrante-europa.html,Enabled
PI Verona Quartieri,AG - Quadrante Europa,idraulico h24 quadrante europa,Exact,https://gala400.it/quartieri/idraulico-quadrante-europa.html,Enabled
PI Verona Quartieri,AG - Quadrante Europa,emergenza idraulico quadrante europa,Phrase,https://gala400.it/quartieri/idraulico-quadrante-europa.html,Enabled
PI Verona Quartieri,AG - Quadrante Europa,emergenza idraulico quadrante europa,Exact,https://gala400.it/quartieri/idraulico-quadrante-europa.html,Enabled
PI Verona Quartieri,AG - San Michele,idraulico san michele,Phrase,https://gala400.it/quartieri/idraulico-san-michele.html,Enabled
PI Verona Quartieri,AG - San Michele,idraulico san michele,Exact,https://gala400.it/quartieri/idraulico-san-michele.html,Enabled
PI Verona Quartieri,AG - San Michele,idraulico urgente san michele,Phrase,https://gala400.it/quartieri/idraulico-san-michele.html,Enabled
PI Verona Quartieri,AG - San Michele,idraulico urgente san michele,Exact,https://gala400.it/quartieri/idraulico-san-michele.html,Enabled
PI Verona Quartieri,AG - San Michele,pronto intervento idraulico san michele,Phrase,https://gala400.it/quartieri/idraulico-san-michele.html,Enabled
PI Verona Quartieri,AG - San Michele,pronto intervento idraulico san michele,Exact,https://gala400.it/quartieri/idraulico-san-michele.html,Enabled
PI Verona Quartieri,AG - San Michele,idraulico h24 san michele,Phrase,https://gala400.it/quartieri/idraulico-san-michele.html,Enabled
PI Verona Quartieri,AG - San Michele,idraulico h24 san michele,Exact,https://gala400.it/quartieri/idraulico-san-michele.html,Enabled
PI Verona Quartieri,AG - San Michele,emergenza idraulico san michele,Phrase,https://gala400.it/quartieri/idraulico-san-michele.html,Enabled
PI Verona Quartieri,AG - San Michele,emergenza idraulico san michele,Exact,https://gala400.it/quartieri/idraulico-san-michele.html,Enabled
PI Verona Quartieri,AG - Golosine,idraulico golosine,Phrase,https://gala400.it/quartieri/idraulico-golosine.html,Enabled
PI Verona Quartieri,AG - Golosine,idraulico golosine,Exact,https://gala400.it/quartieri/idraulico-golosine.html,Enabled
PI Verona Quartieri,AG - Golosine,idraulico urgente golosine,Phrase,https://gala400.it/quartieri/idraulico-golosine.html,Enabled
PI Verona Quartieri,AG - Golosine,idraulico urgente golosine,Exact,https://gala400.it/quartieri/idraulico-golosine.html,Enabled
PI Verona Quartieri,AG - Golosine,pronto intervento idraulico golosine,Phrase,https://gala400.it/quartieri/idraulico-golosine.html,Enabled
PI Verona Quartieri,AG - Golosine,pronto intervento idraulico golosine,Exact,https://gala400.it/quartieri/idraulico-golosine.html,Enabled
PI Verona Quartieri,AG - Golosine,idraulico h24 golosine,Phrase,https://gala400.it/quartieri/idraulico-golosine.html,Enabled
PI Verona Quartieri,AG - Golosine,idraulico h24 golosine,Exact,https://gala400.it/quartieri/idraulico-golosine.html,Enabled
PI Verona Quartieri,AG - Golosine,emergenza idraulico golosine,Phrase,https://gala400.it/quartieri/idraulico-golosine.html,Enabled
PI Verona Quartieri,AG - Golosine,emergenza idraulico golosine,Exact,https://gala400.it/quartieri/idraulico-golosine.html,Enabled
PI Verona Quartieri,AG - Parona,idraulico parona,Phrase,https://gala400.it/quartieri/idraulico-parona.html,Enabled
PI Verona Quartieri,AG - Parona,idraulico parona,Exact,https://gala400.it/quartieri/idraulico-parona.html,Enabled
PI Verona Quartieri,AG - Parona,idraulico urgente parona,Phrase,https://gala400.it/quartieri/idraulico-parona.html,Enabled
PI Verona Quartieri,AG - Parona,idraulico urgente parona,Exact,https://gala400.it/quartieri/idraulico-parona.html,Enabled
PI Verona Quartieri,AG - Parona,pronto intervento idraulico parona,Phrase,https://gala400.it/quartieri/idraulico-parona.html,Enabled
PI Verona Quartieri,AG - Parona,pronto intervento idraulico parona,Exact,https://gala400.it/quartieri/idraulico-parona.html,Enabled
PI Verona Quartieri,AG - Parona,idraulico h24 parona,Phrase,https://gala400.it/quartieri/idraulico-parona.html,Enabled
PI Verona Quartieri,AG - Parona,idraulico h24 parona,Exact,https://gala400.it/quartieri/idraulico-parona.html,Enabled
PI Verona Quartieri,AG - Parona,emergenza idraulico parona,Phrase,https://gala400.it/quartieri/idraulico-parona.html,Enabled
PI Verona Quartieri,AG - Parona,emergenza idraulico parona,Exact,https://gala400.it/quartieri/idraulico-parona.html,Enabled
PI Verona Quartieri,AG - Chievo,idraulico chievo,Phrase,https://gala400.it/quartieri/idraulico-chievo.html,Enabled
PI Verona Quartieri,AG - Chievo,idraulico chievo,Exact,https://gala400.it/quartieri/idraulico-chievo.html,Enabled
PI Verona Quartieri,AG - Chievo,idraulico urgente chievo,Phrase,https://gala400.it/quartieri/idraulico-chievo.html,Enabled
PI Verona Quartieri,AG - Chievo,idraulico urgente chievo,Exact,https://gala400.it/quartieri/idraulico-chievo.html,Enabled
PI Verona Quartieri,AG - Chievo,pronto intervento idraulico chievo,Phrase,https://gala400.it/quartieri/idraulico-chievo.html,Enabled
PI Verona Quartieri,AG - Chievo,pronto intervento idraulico chievo,Exact,https://gala400.it/quartieri/idraulico-chievo.html,Enabled
PI Verona Quartieri,AG - Chievo,idraulico h24 chievo,Phrase,https://gala400.it/quartieri/idraulico-chievo.html,Enabled
PI Verona Quartieri,AG - Chievo,idraulico h24 chievo,Exact,https://gala400.it/quartieri/idraulico-chievo.html,Enabled
PI Verona Quartieri,AG - Chievo,emergenza idraulico chievo,Phrase,https://gala400.it/quartieri/idraulico-chievo.html,Enabled
PI Verona Quartieri,AG - Chievo,emergenza idraulico chievo,Exact,https://gala400.it/quartieri/idraulico-chievo.html,Enabled
PI Verona Quartieri,AG - San Paolo,idraulico san paolo,Phrase,https://gala400.it/quartieri/idraulico-san-paolo.html,Enabled
PI Verona Quartieri,AG - San Paolo,idraulico san paolo,Exact,https://gala400.it/quartieri/idraulico-san-paolo.html,Enabled
PI Verona Quartieri,AG - San Paolo,idraulico urgente san paolo,Phrase,https://gala400.it/quartieri/idraulico-san-paolo.html,Enabled
PI Verona Quartieri,AG - San Paolo,idraulico urgente san paolo,Exact,https://gala400.it/quartieri/idraulico-san-paolo.html,Enabled
PI Verona Quartieri,AG - San Paolo,pronto intervento idraulico san paolo,Phrase,https://gala400.it/quartieri/idraulico-san-paolo.html,Enabled
PI Verona Quartieri,AG - San Paolo,pronto intervento idraulico san paolo,Exact,https://gala400.it/quartieri/idraulico-san-paolo.html,Enabled
PI Verona Quartieri,AG - San Paolo,idraulico h24 san paolo,Phrase,https://gala400.it/quartieri/idraulico-san-paolo.html,Enabled
PI Verona Quartieri,AG - San Paolo,idraulico h24 san paolo,Exact,https://gala400.it/quartieri/idraulico-san-paolo.html,Enabled
PI Verona Quartieri,AG - San Paolo,emergenza idraulico san paolo,Phrase,https://gala400.it/quartieri/idraulico-san-paolo.html,Enabled
PI Verona Quartieri,AG - San Paolo,emergenza idraulico san paolo,Exact,https://gala400.it/quartieri/idraulico-san-paolo.html,Enabled
PI Verona Quartieri,AG - Mizzole,idraulico mizzole,Phrase,https://gala400.it/quartieri/idraulico-mizzole.html,Enabled
PI Verona Quartieri,AG - Mizzole,idraulico mizzole,Exact,https://gala400.it/quartieri/idraulico-mizzole.html,Enabled
PI Verona Quartieri,AG - Mizzole,idraulico urgente mizzole,Phrase,https://gala400.it/quartieri/idraulico-mizzole.html,Enabled
PI Verona Quartieri,AG - Mizzole,idraulico urgente mizzole,Exact,https://gala400.it/quartieri/idraulico-mizzole.html,Enabled
PI Verona Quartieri,AG - Mizzole,pronto intervento idraulico mizzole,Phrase,https://gala400.it/quartieri/idraulico-mizzole.html,Enabled
PI Verona Quartieri,AG - Mizzole,pronto intervento idraulico mizzole,Exact,https://gala400.it/quartieri/idraulico-mizzole.html,Enabled
PI Verona Quartieri,AG - Mizzole,idraulico h24 mizzole,Phrase,https://gala400.it/quartieri/idraulico-mizzole.html,Enabled
PI Verona Quartieri,AG - Mizzole,idraulico h24 mizzole,Exact,https://gala400.it/quartieri/idraulico-mizzole.html,Enabled
PI Verona Quartieri,AG - Mizzole,emergenza idraulico mizzole,Phrase,https://gala400.it/quartieri/idraulico-mizzole.html,Enabled
PI Verona Quartieri,AG - Mizzole,emergenza idraulico mizzole,Exact,https://gala400.it/quartieri/idraulico-mizzole.html,Enabled
PI Verona Quartieri,AG - Montorio,idraulico montorio,Phrase,https://gala400.it/quartieri/idraulico-montorio.html,Enabled
PI Verona Quartieri,AG - Montorio,idraulico montorio,Exact,https://gala400.it/quartieri/idraulico-montorio.html,Enabled
PI Verona Quartieri,AG - Montorio,idraulico urgente montorio,Phrase,https://gala400.it/quartieri/idraulico-montorio.html,Enabled
PI Verona Quartieri,AG - Montorio,idraulico urgente montorio,Exact,https://gala400.it/quartieri/idraulico-montorio.html,Enabled
PI Verona Quartieri,AG - Montorio,pronto intervento idraulico montorio,Phrase,https://gala400.it/quartieri/idraulico-montorio.html,Enabled
PI Verona Quartieri,AG - Montorio,pronto intervento idraulico montorio,Exact,https://gala400.it/quartieri/idraulico-montorio.html,Enabled
PI Verona Quartieri,AG - Montorio,idraulico h24 montorio,Phrase,https://gala400.it/quartieri/idraulico-montorio.html,Enabled
PI Verona Quartieri,AG - Montorio,idraulico h24 montorio,Exact,https://gala400.it/quartieri/idraulico-montorio.html,Enabled
PI Verona Quartieri,AG - Montorio,emergenza idraulico montorio,Phrase,https://gala400.it/quartieri/idraulico-montorio.html,Enabled
PI Verona Quartieri,AG - Montorio,emergenza idraulico montorio,Exact,https://gala400.it/quartieri/idraulico-montorio.html,Enabled
PI Verona Quartieri,AG - San Massimo,idraulico san massimo,Phrase,https://gala400.it/quartieri/idraulico-san-massimo.html,Enabled
PI Verona Quartieri,AG - San Massimo,idraulico san massimo,Exact,https://gala400.it/quartieri/idraulico-san-massimo.html,Enabled
PI Verona Quartieri,AG - San Massimo,idraulico urgente san massimo,Phrase,https://gala400.it/quartieri/idraulico-san-massimo.html,Enabled
PI Verona Quartieri,AG - San Massimo,idraulico urgente san massimo,Exact,https://gala400.it/quartieri/idraulico-san-massimo.html,Enabled
PI Verona Quartieri,AG - San Massimo,pronto intervento idraulico san massimo,Phrase,https://gala400.it/quartieri/idraulico-san-massimo.html,Enabled
PI Verona Quartieri,AG - San Massimo,pronto intervento idraulico san massimo,Exact,https://gala400.it/quartieri/idraulico-san-massimo.html,Enabled
PI Verona Quartieri,AG - San Massimo,idraulico h24 san massimo,Phrase,https://gala400.it/quartieri/idraulico-san-massimo.html,Enabled
PI Verona Quartieri,AG - San Massimo,idraulico h24 san massimo,Exact,https://gala400.it/quartieri/idraulico-san-massimo.html,Enabled
PI Verona Quartieri,AG - San Massimo,emergenza idraulico san massimo,Phrase,https://gala400.it/quartieri/idraulico-san-massimo.html,Enabled
PI Verona Quartieri,AG - San Massimo,emergenza idraulico san massimo,Exact,https://gala400.it/quartieri/idraulico-san-massimo.html,Enabled
PI Verona Quartieri,AG - Ca' di David,idraulico ca di david,Phrase,https://gala400.it/quartieri/idraulico-ca-di-david.html,Enabled
PI Verona Quartieri,AG - Ca' di David,idraulico ca di david,Exact,https://gala400.it/quartieri/idraulico-ca-di-david.html,Enabled
PI Verona Quartieri,AG - Ca' di David,idraulico urgente ca di david,Phrase,https://gala400.it/quartieri/idraulico-ca-di-david.html,Enabled
PI Verona Quartieri,AG - Ca' di David,idraulico urgente ca di david,Exact,https://gala400.it/quartieri/idraulico-ca-di-david.html,Enabled
PI Verona Quartieri,AG - Ca' di David,pronto intervento idraulico ca di david,Phrase,https://gala400.it/quartieri/idraulico-ca-di-david.html,Enabled
PI Verona Quartieri,AG - Ca' di David,pronto intervento idraulico ca di david,Exact,https://gala400.it/quartieri/idraulico-ca-di-david.html,Enabled
PI Verona Quartieri,AG - Ca' di David,idraulico h24 ca di david,Phrase,https://gala400.it/quartieri/idraulico-ca-di-david.html,Enabled
PI Verona Quartieri,AG - Ca' di David,idraulico h24 ca di david,Exact,https://gala400.it/quartieri/idraulico-ca-di-david.html,Enabled
PI Verona Quartieri,AG - Ca' di David,emergenza idraulico ca di david,Phrase,https://gala400.it/quartieri/idraulico-ca-di-david.html,Enabled
PI Verona Quartieri,AG - Ca' di David,emergenza idraulico ca di david,Exact,https://gala400.it/quartieri/idraulico-ca-di-david.html,Enabled
PI Verona Quartieri,AG - Santa Lucia,idraulico santa lucia,Phrase,https://gala400.it/quartieri/idraulico-santa-lucia.html,Enabled
PI Verona Quartieri,AG - Santa Lucia,idraulico santa lucia,Exact,https://gala400.it/quartieri/idraulico-santa-lucia.html,Enabled
PI Verona Quartieri,AG - Santa Lucia,idraulico urgente santa lucia,Phrase,https://gala400.it/quartieri/idraulico-santa-lucia.html,Enabled
PI Verona Quartieri,AG - Santa Lucia,idraulico urgente santa lucia,Exact,https://gala400.it/quartieri/idraulico-santa-lucia.html,Enabled
PI Verona Quartieri,AG - Santa Lucia,pronto intervento idraulico santa lucia,Phrase,https://gala400.it/quartieri/idraulico-santa-lucia.html,Enabled
PI Verona Quartieri,AG - Santa Lucia,pronto intervento idraulico santa lucia,Exact,https://gala400.it/quartieri/idraulico-santa-lucia.html,Enabled
PI Verona Quartieri,AG - Santa Lucia,idraulico h24 santa lucia,Phrase,https://gala400.it/quartieri/idraulico-santa-lucia.html,Enabled
PI Verona Quartieri,AG - Santa Lucia,idraulico h24 santa lucia,Exact,https://gala400.it/quartieri/idraulico-santa-lucia.html,Enabled
PI Verona Quartieri,AG - Santa Lucia,emergenza idraulico santa lucia,Phrase,https://gala400.it/quartieri/idraulico-santa-lucia.html,Enabled
PI Verona Quartieri,AG - Santa Lucia,emergenza idraulico santa lucia,Exact,https://gala400.it/quartieri/idraulico-santa-lucia.html,Enabled
PI Verona Quartieri,AG - Pindemonte,idraulico pindemonte,Phrase,https://gala400.it/quartieri/idraulico-pindemonte.html,Enabled
PI Verona Quartieri,AG - Pindemonte,idraulico pindemonte,Exact,https://gala400.it/quartieri/idraulico-pindemonte.html,Enabled
PI Verona Quartieri,AG - Pindemonte,idraulico urgente pindemonte,Phrase,https://gala400.it/quartieri/idraulico-pindemonte.html,Enabled
PI Verona Quartieri,AG - Pindemonte,idraulico urgente pindemonte,Exact,https://gala400.it/quartieri/idraulico-pindemonte.html,Enabled
PI Verona Quartieri,AG - Pindemonte,pronto intervento idraulico pindemonte,Phrase,https://gala400.it/quartieri/idraulico-pindemonte.html,Enabled
PI Verona Quartieri,AG - Pindemonte,pronto intervento idraulico pindemonte,Exact,https://gala400.it/quartieri/idraulico-pindemonte.html,Enabled
PI Verona Quartieri,AG - Pindemonte,idraulico h24 pindemonte,Phrase,https://gala400.it/quartieri/idraulico-pindemonte.html,Enabled
PI Verona Quartieri,AG - Pindemonte,idraulico h24 pindemonte,Exact,https://gala400.it/quartieri/idraulico-pindemonte.html,Enabled
PI Verona Quartieri,AG - Pindemonte,emergenza idraulico pindemonte,Phrase,https://gala400.it/quartieri/idraulico-pindemonte.html,Enabled
PI Verona Quartieri,AG - Pindemonte,emergenza idraulico pindemonte,Exact,https://gala400.it/quartieri/idraulico-pindemonte.html,Enabled
PI Verona Quartieri,AG - Borgo Venezia,idraulico borgo venezia,Phrase,https://gala400.it/quartieri/idraulico-borgo-venezia.html,Enabled
PI Verona Quartieri,AG - Borgo Venezia,idraulico borgo venezia,Exact,https://gala400.it/quartieri/idraulico-borgo-venezia.html,Enabled
PI Verona Quartieri,AG - Borgo Venezia,idraulico urgente borgo venezia,Phrase,https://gala400.it/quartieri/idraulico-borgo-venezia.html,Enabled
PI Verona Quartieri,AG - Borgo Venezia,idraulico urgente borgo venezia,Exact,https://gala400.it/quartieri/idraulico-borgo-venezia.html,Enabled
PI Verona Quartieri,AG - Borgo Venezia,pronto intervento idraulico borgo venezia,Phrase,https://gala400.it/quartieri/idraulico-borgo-venezia.html,Enabled
PI Verona Quartieri,AG - Borgo Venezia,pronto intervento idraulico borgo venezia,Exact,https://gala400.it/quartieri/idraulico-borgo-venezia.html,Enabled
PI Verona Quartieri,AG - Borgo Venezia,idraulico h24 borgo venezia,Phrase,https://gala400.it/quartieri/idraulico-borgo-venezia.html,Enabled
PI Verona Quartieri,AG - Borgo Venezia,idraulico h24 borgo venezia,Exact,https://gala400.it/quartieri/idraulico-borgo-venezia.html,Enabled
PI Verona Quartieri,AG - Borgo Venezia,emergenza idraulico borgo venezia,Phrase,https://gala400.it/quartieri/idraulico-borgo-venezia.html,Enabled
PI Verona Quartieri,AG - Borgo Venezia,emergenza idraulico borgo venezia,Exact,https://gala400.it/quartieri/idraulico-borgo-venezia.html,Enabled
PI Verona Quartieri,AG - Borgo Milano,idraulico borgo milano,Phrase,https://gala400.it/quartieri/idraulico-borgo-milano.html,Enabled
PI Verona Quartieri,AG - Borgo Milano,idraulico borgo milano,Exact,https://gala400.it/quartieri/idraulico-borgo-milano.html,Enabled
PI Verona Quartieri,AG - Borgo Milano,idraulico urgente borgo milano,Phrase,https://gala400.it/quartieri/idraulico-borgo-milano.html,Enabled
PI Verona Quartieri,AG - Borgo Milano,idraulico urgente borgo milano,Exact,https://gala400.it/quartieri/idraulico-borgo-milano.html,Enabled
PI Verona Quartieri,AG - Borgo Milano,pronto intervento idraulico borgo milano,Phrase,https://gala400.it/quartieri/idraulico-borgo-milano.html,Enabled
PI Verona Quartieri,AG - Borgo Milano,pronto intervento idraulico borgo milano,Exact,https://gala400.it/quartieri/idraulico-borgo-milano.html,Enabled
PI Verona Quartieri,AG - Borgo Milano,idraulico h24 borgo milano,Phrase,https://gala400.it/quartieri/idraulico-borgo-milano.html,Enabled
PI Verona Quartieri,AG - Borgo Milano,idraulico h24 borgo milano,Exact,https://gala400.it/quartieri/idraulico-borgo-milano.html,Enabled
PI Verona Quartieri,AG - Borgo Milano,emergenza idraulico borgo milano,Phrase,https://gala400.it/quartieri/idraulico-borgo-milano.html,Enabled
PI Verona Quartieri,AG - Borgo Milano,emergenza idraulico borgo milano,Exact,https://gala400.it/quartieri/idraulico-borgo-milano.html,Enabled
PI Verona Quartieri,AG - Veronetta,idraulico veronetta,Phrase,https://gala400.it/quartieri/idraulico-veronetta.html,Enabled
PI Verona Quartieri,AG - Veronetta,idraulico veronetta,Exact,https://gala400.it/quartieri/idraulico-veronetta.html,Enabled
PI Verona Quartieri,AG - Veronetta,idraulico urgente veronetta,Phrase,https://gala400.it/quartieri/idraulico-veronetta.html,Enabled
PI Verona Quartieri,AG - Veronetta,idraulico urgente veronetta,Exact,https://gala400.it/quartieri/idraulico-veronetta.html,Enabled
PI Verona Quartieri,AG - Veronetta,pronto intervento idraulico veronetta,Phrase,https://gala400.it/quartieri/idraulico-veronetta.html,Enabled
PI Verona Quartieri,AG - Veronetta,pronto intervento idraulico veronetta,Exact,https://gala400.it/quartieri/idraulico-veronetta.html,Enabled
PI Verona Quartieri,AG - Veronetta,idraulico h24 veronetta,Phrase,https://gala400.it/quartieri/idraulico-veronetta.html,Enabled
PI Verona Quartieri,AG - Veronetta,idraulico h24 veronetta,Exact,https://gala400.it/quartieri/idraulico-veronetta.html,Enabled
PI Verona Quartieri,AG - Veronetta,emergenza idraulico veronetta,Phrase,https://gala400.it/quartieri/idraulico-veronetta.html,Enabled
PI Verona Quartieri,AG - Veronetta,emergenza idraulico veronetta,Exact,https://gala400.it/quartieri/idraulico-veronetta.html,Enabled
PI Verona Quartieri,AG - San Pancrazio,idraulico san pancrazio,Phrase,https://gala400.it/quartieri/idraulico-san-pancrazio.html,Enabled
PI Verona Quartieri,AG - San Pancrazio,idraulico san pancrazio,Exact,https://gala400.it/quartieri/idraulico-san-pancrazio.html,Enabled
PI Verona Quartieri,AG - San Pancrazio,idraulico urgente san pancrazio,Phrase,https://gala400.it/quartieri/idraulico-san-pancrazio.html,Enabled
PI Verona Quartieri,AG - San Pancrazio,idraulico urgente san pancrazio,Exact,https://gala400.it/quartieri/idraulico-san-pancrazio.html,Enabled
PI Verona Quartieri,AG - San Pancrazio,pronto intervento idraulico san pancrazio,Phrase,https://gala400.it/quartieri/idraulico-san-pancrazio.html,Enabled
PI Verona Quartieri,AG - San Pancrazio,pronto intervento idraulico san pancrazio,Exact,https://gala400.it/quartieri/idraulico-san-pancrazio.html,Enabled
PI Verona Quartieri,AG - San Pancrazio,idraulico h24 san pancrazio,Phrase,https://gala400.it/quartieri/idraulico-san-pancrazio.html,Enabled
PI Verona Quartieri,AG - San Pancrazio,idraulico h24 san pancrazio,Exact,https://gala400.it/quartieri/idraulico-san-pancrazio.html,Enabled
PI Verona Quartieri,AG - San Pancrazio,emergenza idraulico san pancrazio,Phrase,https://gala400.it/quartieri/idraulico-san-pancrazio.html,Enabled
PI Verona Quartieri,AG - San Pancrazio,emergenza idraulico san pancrazio,Exact,https://gala400.it/quartieri/idraulico-san-pancrazio.html,Enabled
PI Verona Quartieri,AG - Croce Bianca,idraulico croce bianca,Phrase,https://gala400.it/quartieri/idraulico-croce-bianca.html,Enabled
PI Verona Quartieri,AG - Croce Bianca,idraulico croce bianca,Exact,https://gala400.it/quartieri/idraulico-croce-bianca.html,Enabled
PI Verona Quartieri,AG - Croce Bianca,idraulico urgente croce bianca,Phrase,https://gala400.it/quartieri/idraulico-croce-bianca.html,Enabled
PI Verona Quartieri,AG - Croce Bianca,idraulico urgente croce bianca,Exact,https://gala400.it/quartieri/idraulico-croce-bianca.html,Enabled
PI Verona Quartieri,AG - Croce Bianca,pronto intervento idraulico croce bianca,Phrase,https://gala400.it/quartieri/idraulico-croce-bianca.html,Enabled
PI Verona Quartieri,AG - Croce Bianca,pronto intervento idraulico croce bianca,Exact,https://gala400.it/quartieri/idraulico-croce-bianca.html,Enabled
PI Verona Quartieri,AG - Croce Bianca,idraulico h24 croce bianca,Phrase,https://gala400.it/quartieri/idraulico-croce-bianca.html,Enabled
PI Verona Quartieri,AG - Croce Bianca,idraulico h24 croce bianca,Exact,https://gala400.it/quartieri/idraulico-croce-bianca.html,Enabled
PI Verona Quartieri,AG - Croce Bianca,emergenza idraulico croce bianca,Phrase,https://gala400.it/quartieri/idraulico-croce-bianca.html,Enabled
PI Verona Quartieri,AG - Croce Bianca,emergenza idraulico croce bianca,Exact,https://gala400.it/quartieri/idraulico-croce-bianca.html,Enabled
PI Verona Quartieri,AG - Palazzolo,idraulico palazzolo,Phrase,https://gala400.it/quartieri/idraulico-palazzolo.html,Enabled
PI Verona Quartieri,AG - Palazzolo,idraulico palazzolo,Exact,https://gala400.it/quartieri/idraulico-palazzolo.html,Enabled
PI Verona Quartieri,AG - Palazzolo,idraulico urgente palazzolo,Phrase,https://gala400.it/quartieri/idraulico-palazzolo.html,Enabled
PI Verona Quartieri,AG - Palazzolo,idraulico urgente palazzolo,Exact,https://gala400.it/quartieri/idraulico-palazzolo.html,Enabled
PI Verona Quartieri,AG - Palazzolo,pronto intervento idraulico palazzolo,Phrase,https://gala400.it/quartieri/idraulico-palazzolo.html,Enabled
PI Verona Quartieri,AG - Palazzolo,pronto intervento idraulico palazzolo,Exact,https://gala400.it/quartieri/idraulico-palazzolo.html,Enabled
PI Verona Quartieri,AG - Palazzolo,idraulico h24 palazzolo,Phrase,https://gala400.it/quartieri/idraulico-palazzolo.html,Enabled
PI Verona Quartieri,AG - Palazzolo,idraulico h24 palazzolo,Exact,https://gala400.it/quartieri/idraulico-palazzolo.html,Enabled
PI Verona Quartieri,AG - Palazzolo,emergenza idraulico palazzolo,Phrase,https://gala400.it/quartieri/idraulico-palazzolo.html,Enabled
PI Verona Quartieri,AG - Palazzolo,emergenza idraulico palazzolo,Exact,https://gala400.it/quartieri/idraulico-palazzolo.html,Enabled
PI Verona Quartieri,AG - Santa Croce,idraulico santa croce,Phrase,https://gala400.it/quartieri/idraulico-santa-croce.html,Enabled
PI Verona Quartieri,AG - Santa Croce,idraulico santa croce,Exact,https://gala400.it/quartieri/idraulico-santa-croce.html,Enabled
PI Verona Quartieri,AG - Santa Croce,idraulico urgente santa croce,Phrase,https://gala400.it/quartieri/idraulico-santa-croce.html,Enabled
PI Verona Quartieri,AG - Santa Croce,idraulico urgente santa croce,Exact,https://gala400.it/quartieri/idraulico-santa-croce.html,Enabled
PI Verona Quartieri,AG - Santa Croce,pronto intervento idraulico santa croce,Phrase,https://gala400.it/quartieri/idraulico-santa-croce.html,Enabled
PI Verona Quartieri,AG - Santa Croce,pronto intervento idraulico santa croce,Exact,https://gala400.it/quartieri/idraulico-santa-croce.html,Enabled
PI Verona Quartieri,AG - Santa Croce,idraulico h24 santa croce,Phrase,https://gala400.it/quartieri/idraulico-santa-croce.html,Enabled
PI Verona Quartieri,AG - Santa Croce,idraulico h24 santa croce,Exact,https://gala400.it/quartieri/idraulico-santa-croce.html,Enabled
PI Verona Quartieri,AG - Santa Croce,emergenza idraulico santa croce,Phrase,https://gala400.it/quartieri/idraulico-santa-croce.html,Enabled
PI Verona Quartieri,AG - Santa Croce,emergenza idraulico santa croce,Exact,https://gala400.it/quartieri/idraulico-santa-croce.html,Enabled
PI Verona Quartieri,AG - Castelnuovo,idraulico castelnuovo,Phrase,https://gala400.it/quartieri/idraulico-castelnuovo.html,Enabled
PI Verona Quartieri,AG - Castelnuovo,idraulico castelnuovo,Exact,https://gala400.it/quartieri/idraulico-castelnuovo.html,Enabled
PI Verona Quartieri,AG - Castelnuovo,idraulico urgente castelnuovo,Phrase,https://gala400.it/quartieri/idraulico-castelnuovo.html,Enabled
PI Verona Quartieri,AG - Castelnuovo,idraulico urgente castelnuovo,Exact,https://gala400.it/quartieri/idraulico-castelnuovo.html,Enabled
PI Verona Quartieri,AG - Castelnuovo,pronto intervento idraulico castelnuovo,Phrase,https://gala400.it/quartieri/idraulico-castelnuovo.html,Enabled
PI Verona Quartieri,AG - Castelnuovo,pronto intervento idraulico castelnuovo,Exact,https://gala400.it/quartieri/idraulico-castelnuovo.html,Enabled
PI Verona Quartieri,AG - Castelnuovo,idraulico h24 castelnuovo,Phrase,https://gala400.it/quartieri/idraulico-castelnuovo.html,Enabled
PI Verona Quartieri,AG - Castelnuovo,idraulico h24 castelnuovo,Exact,https://gala400.it/quartieri/idraulico-castelnuovo.html,Enabled
PI Verona Quartieri,AG - Castelnuovo,emergenza idraulico castelnuovo,Phrase,https://gala400.it/quartieri/idraulico-castelnuovo.html,Enabled
PI Verona Quartieri,AG - Castelnuovo,emergenza idraulico castelnuovo,Exact,https://gala400.it/quartieri/idraulico-castelnuovo.html,Enabled
PI Verona Quartieri,AG - Bussolengo,idraulico bussolengo,Phrase,https://gala400.it/quartieri/idraulico-bussolengo.html,Enabled
PI Verona Quartieri,AG - Bussolengo,idraulico bussolengo,Exact,https://gala400.it/quartieri/idraulico-bussolengo.html,Enabled
PI Verona Quartieri,AG - Bussolengo,idraulico urgente bussolengo,Phrase,https://gala400.it/quartieri/idraulico-bussolengo.html,Enabled
PI Verona Quartieri,AG - Bussolengo,idraulico urgente bussolengo,Exact,https://gala400.it/quartieri/idraulico-bussolengo.html,Enabled
PI Verona Quartieri,AG - Bussolengo,pronto intervento idraulico bussolengo,Phrase,https://gala400.it/quartieri/idraulico-bussolengo.html,Enabled
PI Verona Quartieri,AG - Bussolengo,pronto intervento idraulico bussolengo,Exact,https://gala400.it/quartieri/idraulico-bussolengo.html,Enabled
PI Verona Quartieri,AG - Bussolengo,idraulico h24 bussolengo,Phrase,https://gala400.it/quartieri/idraulico-bussolengo.html,Enabled
PI Verona Quartieri,AG - Bussolengo,idraulico h24 bussolengo,Exact,https://gala400.it/quartieri/idraulico-bussolengo.html,Enabled
PI Verona Quartieri,AG - Bussolengo,emergenza idraulico bussolengo,Phrase,https://gala400.it/quartieri/idraulico-bussolengo.html,Enabled
PI Verona Quartieri,AG - Bussolengo,emergenza idraulico bussolengo,Exact,https://gala400.it/quartieri/idraulico-bussolengo.html,Enabled
PI Verona Quartieri,AG - Bussolengo,idraulico bussolengo verona,Phrase,https://gala400.it/quartieri/idraulico-bussolengo.html,Enabled
PI Verona Quartieri,AG - Bussolengo,idraulico bussolengo verona,Exact,https://gala400.it/quartieri/idraulico-bussolengo.html,Enabled
PI Verona Quartieri,AG - Bussolengo,pronto intervento bussolengo,Phrase,https://gala400.it/quartieri/idraulico-bussolengo.html,Enabled
PI Verona Quartieri,AG - Bussolengo,pronto intervento bussolengo,Exact,https://gala400.it/quartieri/idraulico-bussolengo.html,Enabled
PI Verona Quartieri,AG - Villafranca di Verona,idraulico villafranca di verona,Phrase,https://gala400.it/quartieri/idraulico-villafranca-di-verona.html,Enabled
PI Verona Quartieri,AG - Villafranca di Verona,idraulico villafranca di verona,Exact,https://gala400.it/quartieri/idraulico-villafranca-di-verona.html,Enabled
PI Verona Quartieri,AG - Villafranca di Verona,idraulico urgente villafranca di verona,Phrase,https://gala400.it/quartieri/idraulico-villafranca-di-verona.html,Enabled
PI Verona Quartieri,AG - Villafranca di Verona,idraulico urgente villafranca di verona,Exact,https://gala400.it/quartieri/idraulico-villafranca-di-verona.html,Enabled
PI Verona Quartieri,AG - Villafranca di Verona,pronto intervento idraulico villafranca di verona,Phrase,https://gala400.it/quartieri/idraulico-villafranca-di-verona.html,Enabled
PI Verona Quartieri,AG - Villafranca di Verona,pronto intervento idraulico villafranca di verona,Exact,https://gala400.it/quartieri/idraulico-villafranca-di-verona.html,Enabled
PI Verona Quartieri,AG - Villafranca di Verona,idraulico h24 villafranca di verona,Phrase,https://gala400.it/quartieri/idraulico-villafranca-di-verona.html,Enabled
PI Verona Quartieri,AG - Villafranca di Verona,idraulico h24 villafranca di verona,Exact,https://gala400.it/quartieri/idraulico-villafranca-di-verona.html,Enabled
PI Verona Quartieri,AG - Villafranca di Verona,emergenza idraulico villafranca di verona,Phrase,https://gala400.it/quartieri/idraulico-villafranca-di-verona.html,Enabled
PI Verona Quartieri,AG - Villafranca di Verona,emergenza idraulico villafranca di verona,Exact,https://gala400.it/quartieri/idraulico-villafranca-di-verona.html,Enabled
PI Verona Quartieri,AG - Villafranca di Verona,idraulico villafranca di verona verona,Phrase,https://gala400.it/quartieri/idraulico-villafranca-di-verona.html,Enabled
PI Verona Quartieri,AG - Villafranca di Verona,idraulico villafranca di verona verona,Exact,https://gala400.it/quartieri/idraulico-villafranca-di-verona.html,Enabled
PI Verona Quartieri,AG - Villafranca di Verona,pronto intervento villafranca di verona,Phrase,https://gala400.it/quartieri/idraulico-villafranca-di-verona.html,Enabled
PI Verona Quartieri,AG - Villafranca di Verona,pronto intervento villafranca di verona,Exact,https://gala400.it/quartieri/idraulico-villafranca-di-verona.html,Enabled
PI Verona Quartieri,AG - San Giovanni Lupatoto,idraulico san giovanni lupatoto,Phrase,https://gala400.it/quartieri/idraulico-san-giovanni-lupatoto.html,Enabled
PI Verona Quartieri,AG - San Giovanni Lupatoto,idraulico san giovanni lupatoto,Exact,https://gala400.it/quartieri/idraulico-san-giovanni-lupatoto.html,Enabled
PI Verona Quartieri,AG - San Giovanni Lupatoto,idraulico urgente san giovanni lupatoto,Phrase,https://gala400.it/quartieri/idraulico-san-giovanni-lupatoto.html,Enabled
PI Verona Quartieri,AG - San Giovanni Lupatoto,idraulico urgente san giovanni lupatoto,Exact,https://gala400.it/quartieri/idraulico-san-giovanni-lupatoto.html,Enabled
PI Verona Quartieri,AG - San Giovanni Lupatoto,pronto intervento idraulico san giovanni lupatoto,Phrase,https://gala400.it/quartieri/idraulico-san-giovanni-lupatoto.html,Enabled
PI Verona Quartieri,AG - San Giovanni Lupatoto,pronto intervento idraulico san giovanni lupatoto,Exact,https://gala400.it/quartieri/idraulico-san-giovanni-lupatoto.html,Enabled
PI Verona Quartieri,AG - San Giovanni Lupatoto,idraulico h24 san giovanni lupatoto,Phrase,https://gala400.it/quartieri/idraulico-san-giovanni-lupatoto.html,Enabled
PI Verona Quartieri,AG - San Giovanni Lupatoto,idraulico h24 san giovanni lupatoto,Exact,https://gala400.it/quartieri/idraulico-san-giovanni-lupatoto.html,Enabled
PI Verona Quartieri,AG - San Giovanni Lupatoto,emergenza idraulico san giovanni lupatoto,Phrase,https://gala400.it/quartieri/idraulico-san-giovanni-lupatoto.html,Enabled
PI Verona Quartieri,AG - San Giovanni Lupatoto,emergenza idraulico san giovanni lupatoto,Exact,https://gala400.it/quartieri/idraulico-san-giovanni-lupatoto.html,Enabled
PI Verona Quartieri,AG - San Giovanni Lupatoto,idraulico san giovanni lupatoto verona,Phrase,https://gala400.it/quartieri/idraulico-san-giovanni-lupatoto.html,Enabled
PI Verona Quartieri,AG - San Giovanni Lupatoto,idraulico san giovanni lupatoto verona,Exact,https://gala400.it/quartieri/idraulico-san-giovanni-lupatoto.html,Enabled
PI Verona Quartieri,AG - San Giovanni Lupatoto,pronto intervento san giovanni lupatoto,Phrase,https://gala400.it/quartieri/idraulico-san-giovanni-lupatoto.html,Enabled
PI Verona Quartieri,AG - San Giovanni Lupatoto,pronto intervento san giovanni lupatoto,Exact,https://gala400.it/quartieri/idraulico-san-giovanni-lupatoto.html,Enabled
PI Verona Quartieri,AG - Sommacampagna,idraulico sommacampagna,Phrase,https://gala400.it/quartieri/idraulico-sommacampagna.html,Enabled
PI Verona Quartieri,AG - Sommacampagna,idraulico sommacampagna,Exact,https://gala400.it/quartieri/idraulico-sommacampagna.html,Enabled
PI Verona Quartieri,AG - Sommacampagna,idraulico urgente sommacampagna,Phrase,https://gala400.it/quartieri/idraulico-sommacampagna.html,Enabled
PI Verona Quartieri,AG - Sommacampagna,idraulico urgente sommacampagna,Exact,https://gala400.it/quartieri/idraulico-sommacampagna.html,Enabled
PI Verona Quartieri,AG - Sommacampagna,pronto intervento idraulico sommacampagna,Phrase,https://gala400.it/quartieri/idraulico-sommacampagna.html,Enabled
PI Verona Quartieri,AG - Sommacampagna,pronto intervento idraulico sommacampagna,Exact,https://gala400.it/quartieri/idraulico-sommacampagna.html,Enabled
PI Verona Quartieri,AG - Sommacampagna,idraulico h24 sommacampagna,Phrase,https://gala400.it/quartieri/idraulico-sommacampagna.html,Enabled
PI Verona Quartieri,AG - Sommacampagna,idraulico h24 sommacampagna,Exact,https://gala400.it/quartieri/idraulico-sommacampagna.html,Enabled
PI Verona Quartieri,AG - Sommacampagna,emergenza idraulico sommacampagna,Phrase,https://gala400.it/quartieri/idraulico-sommacampagna.html,Enabled
PI Verona Quartieri,AG - Sommacampagna,emergenza idraulico sommacampagna,Exact,https://gala400.it/quartieri/idraulico-sommacampagna.html,Enabled
PI Verona Quartieri,AG - Sommacampagna,idraulico sommacampagna verona,Phrase,https://gala400.it/quartieri/idraulico-sommacampagna.html,Enabled
PI Verona Quartieri,AG - Sommacampagna,idraulico sommacampagna verona,Exact,https://gala400.it/quartieri/idraulico-sommacampagna.html,Enabled
PI Verona Quartieri,AG - Sommacampagna,pronto intervento sommacampagna,Phrase,https://gala400.it/quartieri/idraulico-sommacampagna.html,Enabled
PI Verona Quartieri,AG - Sommacampagna,pronto intervento sommacampagna,Exact,https://gala400.it/quartieri/idraulico-sommacampagna.html,Enabled
PI Verona Quartieri,AG - Pescantina,idraulico pescantina,Phrase,https://gala400.it/quartieri/idraulico-pescantina.html,Enabled
PI Verona Quartieri,AG - Pescantina,idraulico pescantina,Exact,https://gala400.it/quartieri/idraulico-pescantina.html,Enabled
PI Verona Quartieri,AG - Pescantina,idraulico urgente pescantina,Phrase,https://gala400.it/quartieri/idraulico-pescantina.html,Enabled
PI Verona Quartieri,AG - Pescantina,idraulico urgente pescantina,Exact,https://gala400.it/quartieri/idraulico-pescantina.html,Enabled
PI Verona Quartieri,AG - Pescantina,pronto intervento idraulico pescantina,Phrase,https://gala400.it/quartieri/idraulico-pescantina.html,Enabled
PI Verona Quartieri,AG - Pescantina,pronto intervento idraulico pescantina,Exact,https://gala400.it/quartieri/idraulico-pescantina.html,Enabled
PI Verona Quartieri,AG - Pescantina,idraulico h24 pescantina,Phrase,https://gala400.it/quartieri/idraulico-pescantina.html,Enabled
PI Verona Quartieri,AG - Pescantina,idraulico h24 pescantina,Exact,https://gala400.it/quartieri/idraulico-pescantina.html,Enabled
PI Verona Quartieri,AG - Pescantina,emergenza idraulico pescantina,Phrase,https://gala400.it/quartieri/idraulico-pescantina.html,Enabled
PI Verona Quartieri,AG - Pescantina,emergenza idraulico pescantina,Exact,https://gala400.it/quartieri/idraulico-pescantina.html,Enabled
PI Verona Quartieri,AG - Pescantina,idraulico pescantina verona,Phrase,https://gala400.it/quartieri/idraulico-pescantina.html,Enabled
PI Verona Quartieri,AG - Pescantina,idraulico pescantina verona,Exact,https://gala400.it/quartieri/idraulico-pescantina.html,Enabled
PI Verona Quartieri,AG - Pescantina,pronto intervento pescantina,Phrase,https://gala400.it/quartieri/idraulico-pescantina.html,Enabled
PI Verona Quartieri,AG - Pescantina,pronto intervento pescantina,Exact,https://gala400.it/quartieri/idraulico-pescantina.html,Enabled
PI Verona Quartieri,AG - San Martino Buon Albergo,idraulico san martino buon albergo,Phrase,https://gala400.it/quartieri/idraulico-san-martino-buon-albergo.html,Enabled
PI Verona Quartieri,AG - San Martino Buon Albergo,idraulico san martino buon albergo,Exact,https://gala400.it/quartieri/idraulico-san-martino-buon-albergo.html,Enabled
PI Verona Quartieri,AG - San Martino Buon Albergo,idraulico urgente san martino buon albergo,Phrase,https://gala400.it/quartieri/idraulico-san-martino-buon-albergo.html,Enabled
PI Verona Quartieri,AG - San Martino Buon Albergo,idraulico urgente san martino buon albergo,Exact,https://gala400.it/quartieri/idraulico-san-martino-buon-albergo.html,Enabled
PI Verona Quartieri,AG - San Martino Buon Albergo,pronto intervento idraulico san martino buon albergo,Phrase,https://gala400.it/quartieri/idraulico-san-martino-buon-albergo.html,Enabled
PI Verona Quartieri,AG - San Martino Buon Albergo,pronto intervento idraulico san martino buon albergo,Exact,https://gala400.it/quartieri/idraulico-san-martino-buon-albergo.html,Enabled
PI Verona Quartieri,AG - San Martino Buon Albergo,idraulico h24 san martino buon albergo,Phrase,https://gala400.it/quartieri/idraulico-san-martino-buon-albergo.html,Enabled
PI Verona Quartieri,AG - San Martino Buon Albergo,idraulico h24 san martino buon albergo,Exact,https://gala400.it/quartieri/idraulico-san-martino-buon-albergo.html,Enabled
PI Verona Quartieri,AG - San Martino Buon Albergo,emergenza idraulico san martino buon albergo,Phrase,https://gala400.it/quartieri/idraulico-san-martino-buon-albergo.html,Enabled
PI Verona Quartieri,AG - San Martino Buon Albergo,emergenza idraulico san martino buon albergo,Exact,https://gala400.it/quartieri/idraulico-san-martino-buon-albergo.html,Enabled
PI Verona Quartieri,AG - San Martino Buon Albergo,idraulico san martino buon albergo verona,Phrase,https://gala400.it/quartieri/idraulico-san-martino-buon-albergo.html,Enabled
PI Verona Quartieri,AG - San Martino Buon Albergo,idraulico san martino buon albergo verona,Exact,https://gala400.it/quartieri/idraulico-san-martino-buon-albergo.html,Enabled
PI Verona Quartieri,AG - San Martino Buon Albergo,pronto intervento san martino buon albergo,Phrase,https://gala400.it/quartieri/idraulico-san-martino-buon-albergo.html,Enabled
PI Verona Quartieri,AG - San Martino Buon Albergo,pronto intervento san martino buon albergo,Exact,https://gala400.it/quartieri/idraulico-san-martino-buon-albergo.html,Enabled
PI Verona Quartieri,AG - Legnago,idraulico legnago,Phrase,https://gala400.it/quartieri/idraulico-legnago.html,Enabled
PI Verona Quartieri,AG - Legnago,idraulico legnago,Exact,https://gala400.it/quartieri/idraulico-legnago.html,Enabled
PI Verona Quartieri,AG - Legnago,idraulico urgente legnago,Phrase,https://gala400.it/quartieri/idraulico-legnago.html,Enabled
PI Verona Quartieri,AG - Legnago,idraulico urgente legnago,Exact,https://gala400.it/quartieri/idraulico-legnago.html,Enabled
PI Verona Quartieri,AG - Legnago,pronto intervento idraulico legnago,Phrase,https://gala400.it/quartieri/idraulico-legnago.html,Enabled
PI Verona Quartieri,AG - Legnago,pronto intervento idraulico legnago,Exact,https://gala400.it/quartieri/idraulico-legnago.html,Enabled
PI Verona Quartieri,AG - Legnago,idraulico h24 legnago,Phrase,https://gala400.it/quartieri/idraulico-legnago.html,Enabled
PI Verona Quartieri,AG - Legnago,idraulico h24 legnago,Exact,https://gala400.it/quartieri/idraulico-legnago.html,Enabled
PI Verona Quartieri,AG - Legnago,emergenza idraulico legnago,Phrase,https://gala400.it/quartieri/idraulico-legnago.html,Enabled
PI Verona Quartieri,AG - Legnago,emergenza idraulico legnago,Exact,https://gala400.it/quartieri/idraulico-legnago.html,Enabled
PI Verona Quartieri,AG - Legnago,idraulico legnago verona,Phrase,https://gala400.it/quartieri/idraulico-legnago.html,Enabled
PI Verona Quartieri,AG - Legnago,idraulico legnago verona,Exact,https://gala400.it/quartieri/idraulico-legnago.html,Enabled
PI Verona Quartieri,AG - Legnago,pronto intervento legnago,Phrase,https://gala400.it/quartieri/idraulico-legnago.html,Enabled
PI Verona Quartieri,AG - Legnago,pronto intervento legnago,Exact,https://gala400.it/quartieri/idraulico-legnago.html,Enabled
PI Verona Quartieri,AG - Negrar,idraulico negrar,Phrase,https://gala400.it/quartieri/idraulico-negrar.html,Enabled
PI Verona Quartieri,AG - Negrar,idraulico negrar,Exact,https://gala400.it/quartieri/idraulico-negrar.html,Enabled
PI Verona Quartieri,AG - Negrar,idraulico urgente negrar,Phrase,https://gala400.it/quartieri/idraulico-negrar.html,Enabled
PI Verona Quartieri,AG - Negrar,idraulico urgente negrar,Exact,https://gala400.it/quartieri/idraulico-negrar.html,Enabled
PI Verona Quartieri,AG - Negrar,pronto intervento idraulico negrar,Phrase,https://gala400.it/quartieri/idraulico-negrar.html,Enabled
PI Verona Quartieri,AG - Negrar,pronto intervento idraulico negrar,Exact,https://gala400.it/quartieri/idraulico-negrar.html,Enabled
PI Verona Quartieri,AG - Negrar,idraulico h24 negrar,Phrase,https://gala400.it/quartieri/idraulico-negrar.html,Enabled
PI Verona Quartieri,AG - Negrar,idraulico h24 negrar,Exact,https://gala400.it/quartieri/idraulico-negrar.html,Enabled
PI Verona Quartieri,AG - Negrar,emergenza idraulico negrar,Phrase,https://gala400.it/quartieri/idraulico-negrar.html,Enabled
PI Verona Quartieri,AG - Negrar,emergenza idraulico negrar,Exact,https://gala400.it/quartieri/idraulico-negrar.html,Enabled
PI Verona Quartieri,AG - Negrar,idraulico negrar verona,Phrase,https://gala400.it/quartieri/idraulico-negrar.html,Enabled
PI Verona Quartieri,AG - Negrar,idraulico negrar verona,Exact,https://gala400.it/quartieri/idraulico-negrar.html,Enabled
PI Verona Quartieri,AG - Negrar,pronto intervento negrar,Phrase,https://gala400.it/quartieri/idraulico-negrar.html,Enabled
PI Verona Quartieri,AG - Negrar,pronto intervento negrar,Exact,https://gala400.it/quartieri/idraulico-negrar.html,Enabled